,p1 travel time [ns],s1 travel time [ns],p-s delta t 1 [ns],p2 travel time [ns],s2 travel time [ns],p-s delta t 2 [ns]
0.0,22824.311873179435,22866.79870435532,-244.58777735295007,23068.899650532385,23346.673118025763,-479.8744136704445
1.5707963267948966,23333.14513354059,23332.68297120807,264.2449040190186,23068.900229521572,23346.677681914673,-13.994710706603655
