,p1 travel time [ns],s1 travel time [ns],p-s delta t 1 [ns],p2 travel time [ns],s2 travel time [ns],p-s delta t 2 [ns]
0.0,14993.146773318285,15248.768851932124,-1.91460646505584,14995.061379783341,15370.440910043313,-121.67205811118947
1.5707963267948966,14980.273851937605,15354.986019717253,-14.79287063970878,14995.066722577314,15370.368762466138,-15.382742748884993
