,p1 travel time [ns],s1 travel time [ns],p-s delta t 1 [ns],p2 travel time [ns],s2 travel time [ns],p-s delta t 2 [ns]
0.0,20266.578476920855,20266.578458594206,-2.5001551865425427,20269.078632107397,20678.764870618015,-412.1864120238097
1.5707963267948966,20657.820106392606,20657.820152360866,388.74235028101975,20269.077756111586,20678.586059529003,-20.765907168137346
