,p1 travel time [ns],s1 travel time [ns],p-s delta t 1 [ns],p2 travel time [ns],s2 travel time [ns],p-s delta t 2 [ns]
0.0,22479.34498278472,22739.829248695787,44.16018475839519,22435.184798026326,22506.27828288111,233.5509658146766
1.5707963267948966,22465.144823556377,22723.6498633841,29.945728830287408,22435.19909472609,22506.293481021326,217.35638236277373
