,p1 travel time [ns],s1 travel time [ns],p-s delta t 1 [ns],p2 travel time [ns],s2 travel time [ns],p-s delta t 2 [ns]
0.0,20266.57850599226,20652.226346628242,-2.500066467011493,20269.07857245927,20678.75807916303,-26.531732534789626
1.5707963267948966,20248.809278200468,20657.820567159724,-20.26906691352633,20269.078345113994,20678.585819631604,-20.76525247187965
