,p1 travel time [ns],s1 travel time [ns],p-s delta t 1 [ns],p2 travel time [ns],s2 travel time [ns],p-s delta t 2 [ns]
0.0,22434.878609447307,22363.11175853591,-0.3084549429513572,22435.18706439026,22506.612675104327,-143.50091656841687
1.5707963267948966,14980.273851937605,15354.986019717253,-14.79287063970878,14995.066722577314,15370.368762466138,-15.382742748884993
