,p1 travel time [ns],s1 travel time [ns],p-s delta t 1 [ns],p2 travel time [ns],s2 travel time [ns],p-s delta t 2 [ns]
0.0,14993.089457712047,15361.86759264994,-2.1462669037809974,14995.235724615828,15370.45141109167,-8.583818441729818
1.5707963267948966,0.0,0.0,0.0,0.0,0.0,0.0
