,p1 travel time [ns],s1 travel time [ns],p-s delta t 1 [ns],p2 travel time [ns],s2 travel time [ns],p-s delta t 2 [ns]
0.0,23066.70066516811,23173.219177609568,-2.200156410039199,23068.90082157815,23346.93231359085,-173.71313598128108
1.5707963267948966,23045.830071743112,23323.284105157476,-23.068884897540556,23068.898956640653,23346.709059015295,-23.424953857818764
